City_ID,City,Lat,Lng,Max Temp,Humidity,Cloudiness,Wind Speed,Country,Date
0,puerto ayora,-0.7393,-90.3518,29.98,89,100,3.58,EC,1701462678
1,invercargill,-46.4,168.35,13.37,60,100,0.99,NZ,1701462871
2,dudinka,69.4058,86.1778,-21.88,87,100,5.34,RU,1701462871
3,edinburgh of the seven seas,-37.0676,-12.3116,13.53,74,100,7.48,SH,1701462872
4,novaya usman',51.6418,39.4086,1.14,89,100,5.65,RU,1701462872
5,bilibino,68.0546,166.4372,-24.49,91,100,1.6,RU,1701462872
6,albany,42.6001,-73.9662,8.23,81,100,0.89,US,1701462873
7,port lincoln,-34.7333,135.8667,15.57,64,41,4.46,AU,1701462873
8,grytviken,-54.2811,-36.5092,3.75,66,2,5.65,GS,1701462873
9,nemuro,43.3236,145.575,-0.8,69,30,4.14,JP,1701462874
10,yellowknife,62.456,-114.3525,-18.58,89,100,3.09,CA,1701462635
11,port mathurin,-19.6833,63.4167,25.58,83,7,5.99,MU,1701462874
12,ciudad acuna,29.3232,-100.9522,26.16,26,0,2.57,MX,1701462875
13,port-aux-francais,-49.35,70.2167,3.39,79,90,11.24,TF,1701462875
14,la'ie,21.6477,-157.9253,22.98,74,100,1.08,US,1701462875
15,dingli,35.8614,14.3822,19.34,73,0,5.14,MT,1701462876
16,ilulissat,69.2167,-51.1,1.01,47,20,10.8,GL,1701462876
17,lihue,21.9789,-159.3672,22.77,88,100,3.6,US,1701462877
18,waitangi,-43.9535,-176.5597,13.23,74,46,1.79,NZ,1701462877
19,ushuaia,-54.8,-68.3,10.79,70,75,8.23,AR,1701462877
20,ribeira grande,38.5167,-28.7,17.65,72,75,7.6,PT,1701462877
21,mount pearl,47.5166,-52.7813,2.81,90,75,8.23,CA,1701462878
22,ridgecrest,35.6225,-117.6709,14.82,31,20,0.89,US,1701462783
23,bethel,41.3712,-73.414,8.44,73,75,1.54,US,1701462878
24,hamilton,39.1834,-84.5333,10.69,94,100,3.09,US,1701462678
25,port alfred,-33.5906,26.891,18.99,89,87,3.58,ZA,1701462879
26,olonkinbyen,70.9221,-8.7187,-2.04,71,100,4.67,SJ,1701462880
27,adamstown,-25.066,-130.1015,22.07,70,15,4.23,PN,1701462880
28,jaciara,-15.9653,-54.9683,34.83,25,96,0.26,BR,1701462880
29,hasaki,35.7333,140.8333,0.22,54,1,2.62,JP,1701462881
30,magadan,59.5667,150.8,-8.3,79,100,4.77,RU,1701462663
31,arraial do cabo,-22.9661,-42.0278,26.92,83,75,4.63,BR,1701462882
32,qaqortoq,60.7167,-46.0333,-1.32,93,100,1.68,GL,1701462882
33,choibalsan,48.0667,114.5,-15.83,82,4,4.13,MN,1701462883
34,tolanaro,-25.0319,46.9987,21.04,83,75,2.57,MG,1701462883
35,college,64.8569,-147.8028,-18.84,79,0,1.54,US,1701462884
36,papatowai,-46.5619,169.4708,13.99,65,100,1.56,NZ,1701462887
37,jamestown,42.097,-79.2353,5.77,99,100,2.57,US,1701462888
38,itamarandiba,-17.8572,-42.8589,25.95,55,34,1.19,BR,1701462888
39,avarua,-21.2078,-159.775,27.03,86,75,7.72,CK,1701462888
40,enewetak,11.3474,162.3373,27.41,79,89,9.09,MH,1701462889
41,kaa-khem,51.6833,94.7333,-16.61,96,100,0.55,RU,1701462889
42,beipiao,41.7919,120.7792,-5.18,41,95,2.28,CN,1701462889
43,antalaha,-14.9003,50.2788,24.38,91,98,3.13,MG,1701462890
44,cotonou,6.3654,2.4183,28.99,79,40,4.63,BJ,1701462890
45,la ronge,55.1001,-105.2842,-5.86,63,20,1.54,CA,1701462890
46,rio grande,-32.035,-52.0986,29.06,83,0,9.14,BR,1701462698
47,macusani,-14.0833,-70.4333,4.82,94,99,2.55,PE,1701462891
48,osternienburger land,51.8015,12.0257,-3.58,98,96,1.89,DE,1701462891
49,ribeira brava,32.65,-17.0667,18.35,63,24,3.9,PT,1701462891
50,longyearbyen,78.2186,15.6401,-10.09,67,0,9.77,SJ,1701462892
51,noumea,-22.2763,166.4572,27.99,99,0,0.09,NC,1701462823
52,borazjan,29.2666,51.2159,17.42,60,2,0.58,IR,1701462892
53,chonchi,-42.6128,-73.8092,13.4,66,100,3.28,CL,1701462733
54,jindabyne,-36.4167,148.6333,13.23,93,100,0.79,AU,1701462893
55,sojat,25.9167,73.6667,17.46,58,0,4.12,IN,1701462893
56,punta arenas,-53.15,-70.9167,8.06,66,75,9.26,CL,1701462893
57,bredasdorp,-34.5322,20.0403,17.16,73,60,1.88,ZA,1701462894
58,armacao de buzios,-22.7469,-41.8817,27.03,90,88,1.52,BR,1701462819
59,puerto aysen,-45.4,-72.7,6.08,99,100,2.33,CL,1701462894
60,iqaluit,63.7506,-68.5145,-6.15,85,100,7.72,CA,1701462894
61,along,28.1667,94.7667,12.33,63,40,0.83,IN,1701462895
62,severnoye,56.3491,78.3619,-7.23,95,97,2.68,RU,1701462895
63,aasiaat,68.7098,-52.8699,-7.86,85,62,3.35,GL,1701462895
64,kalmunai,7.4167,81.8167,24.68,89,100,5.16,LK,1701462896
65,isafjordur,66.0755,-23.124,-3.38,82,51,1.07,IS,1701462896
66,chemin grenier,-20.4872,57.4656,22.77,81,15,1.24,MU,1701462896
67,mbanza-ngungu,-5.25,14.8667,19.92,97,84,1.56,CD,1701462897
68,wobulenzi,0.7283,32.5122,17.79,86,5,0.72,UG,1701462898
69,severobaykal'sk,55.65,109.3167,-11.39,91,99,1.83,RU,1701462751
70,priozersk,61.0393,30.1291,-2.73,86,100,2.48,RU,1701462899
71,weno,7.4515,151.8468,26.97,89,75,1.54,FM,1701462899
72,rehoboth,-23.3167,17.0833,22.76,53,98,4.81,NA,1701462899
73,ashburton,-37.8626,145.0794,15.98,90,100,1.79,AU,1701462899
74,woolgoolga,-30.1106,153.2007,21.93,59,1,1.86,AU,1701462900
75,alice town,25.7167,-79.3,25.57,82,99,4.95,BS,1701462900
76,camocim,-2.9022,-40.8411,27.29,80,8,6.81,BR,1701462900
77,moranbah,-22.0016,148.0466,25.25,74,67,6.38,AU,1701462901
78,salalah,17.0151,54.0924,26.05,47,0,2.57,OM,1701462901
79,chandler,33.3062,-111.8412,18.49,57,0,0.89,US,1701462836
80,pratt,37.6439,-98.7376,7.34,52,0,3.6,US,1701462902
81,sparti,37.0733,22.4297,15.53,82,100,1.1,GR,1701462902
82,mili,6.0815,171.735,28.09,78,96,8.6,MH,1701462903
83,maicanesti,45.5,27.5,11.59,73,100,8.38,RO,1701462903
84,boa vista,2.8197,-60.6733,33.99,38,75,5.66,BR,1701462678
85,fatezh,52.0891,35.8632,-0.57,90,100,4.99,RU,1701462904
86,okhotsk,59.3833,143.3,-27.04,88,26,4.65,RU,1701462748
87,badger,64.8,-147.5333,-18.89,82,20,1.54,US,1701462905
88,tiksi,71.6872,128.8694,-33.73,100,89,2.8,RU,1701462905
89,vyatskiye polyany,56.226,51.0656,-10.96,97,98,1.65,RU,1701462906
90,cuddalore,11.75,79.75,24.62,87,100,6.98,IN,1701462906
91,gaiman,-43.2897,-65.4929,23.24,12,58,10.36,AR,1701462907
92,wailua homesteads,22.0669,-159.378,22.44,88,100,3.6,US,1701462907
93,crane,31.3974,-102.3501,18.38,29,59,5.7,US,1701462908
94,constantia,44.1833,28.65,12.61,78,81,4.42,RO,1701462908
95,san julian,21.0167,-102.1667,21.45,37,100,6.35,MX,1701462908
96,puerto natales,-51.7236,-72.4875,7.77,58,72,6.29,CL,1701462909
97,haiku-pauwela,20.9219,-156.3051,25.09,80,40,7.72,US,1701462909
98,olinda,-8.0089,-34.8553,28.85,70,40,5.14,BR,1701462909
99,tazacorte,28.629,-17.9293,20.54,80,20,4.63,ES,1701462910
100,bangassou,4.7413,22.8184,22.95,85,94,0.99,CF,1701462910
101,aykhal,66.0,111.5,-30.38,100,100,2.56,RU,1701462910
102,el calafate,-50.3408,-72.2768,8.2,44,16,7.65,AR,1701462809
103,chapada dos guimaraes,-15.4606,-55.7497,27.81,19,53,2.04,BR,1701462911
104,thompson,55.7435,-97.8558,-14.91,78,75,4.12,CA,1701462911
105,laguna,38.421,-121.4238,16.71,50,0,2.06,US,1701462912
106,nichinan,31.6,131.3667,5.82,80,12,2.79,JP,1701462912
107,port elizabeth,-33.918,25.5701,20.61,78,0,6.17,ZA,1701462912
108,blackmans bay,-43.0167,147.3167,12.07,91,100,1.07,AU,1701462913
109,urengoy,65.9667,78.3667,-21.67,81,100,3.81,RU,1701462913
110,mejit,10.2753,170.8646,27.74,75,97,8.46,MH,1701462913
111,udachny,66.4167,112.4,-26.82,96,100,4.89,RU,1701462914
112,ponta delgada,37.7333,-25.6667,17.33,59,40,3.6,PT,1701462914
113,saipan,15.1355,145.701,27.39,83,75,6.17,MP,1701462914
114,kodiak,57.79,-152.4072,2.73,87,100,4.63,US,1701462725
115,revda,56.801,59.9303,-10.72,98,92,0.99,RU,1701462915
116,baraki barak,33.9675,68.9486,4.87,57,4,0.21,AF,1701462916
117,afaahiti,-17.75,-149.2833,29.93,83,50,7.53,PF,1701462916
118,la passe,45.5549,-0.8967,6.13,86,97,5.45,FR,1701462916
119,kiunga,-6.1219,141.2906,23.6,99,100,1.02,PG,1701462917
120,talnakh,69.4865,88.3972,-22.11,90,100,2.58,RU,1701462917
121,ancud,-41.8697,-73.8203,10.32,60,100,5.48,CL,1701462917
122,natal,-5.795,-35.2094,28.36,69,20,6.69,BR,1701462918
123,hadibu,12.65,54.0333,25.32,69,27,7.19,YE,1701462918
124,saint-philippe,-21.3585,55.7679,24.77,80,78,1.83,RE,1701462919
125,sumbawa besar,-8.5,117.4333,24.44,93,100,1.61,ID,1701462919
126,barra de santo antonio,-9.4047,-35.5072,28.6,77,69,4.43,BR,1701462919
127,georgetown,5.4112,100.3354,26.12,92,40,2.57,MY,1701462920
128,noyabrsk,63.1994,75.4507,-21.27,100,97,2.91,RU,1701462920
129,kununurra,-15.7667,128.7333,26.99,78,86,0.51,AU,1701462920
130,hawaiian paradise park,19.5933,-154.9731,25.02,96,100,3.6,US,1701462921
131,east london,-33.0153,27.9116,20.78,71,70,9.28,ZA,1701462921
132,vilhena,-12.7406,-60.1458,31.12,55,40,3.6,BR,1701462921
133,nadym,65.5333,72.5167,-16.93,97,87,4.01,RU,1701462922
134,codrington,-38.2667,141.9667,14.55,77,93,6.29,AU,1701462922
135,anadyr,64.75,177.4833,-10.72,92,100,3.0,RU,1701462922
136,al bardiyah,31.7561,25.0865,18.32,58,0,3.69,LY,1701462923
137,vorgashor,67.5833,63.95,-12.27,91,100,1.65,RU,1701462923
138,tuy hoa,13.0833,109.3,24.17,94,100,2.9,VN,1701462924
139,stowbtsy,53.4785,26.7434,-8.74,95,54,2.58,BY,1701462924
140,mahdia,35.5047,11.0622,20.97,25,73,9.57,TN,1701462924
141,bir el ater,34.7449,8.0602,10.82,30,100,3.89,DZ,1701462925
142,pisco,-13.7,-76.2167,25.03,61,0,6.17,PE,1701462925
143,hauterive,46.0901,3.4459,4.42,96,100,3.31,FR,1701462925
144,brandon,27.9378,-82.2859,29.18,72,40,3.09,US,1701462765
145,moree,-29.4667,149.85,20.79,69,27,3.41,AU,1701462926
146,mudanya,40.3753,28.8822,15.31,69,31,2.83,TR,1701462926
147,morondava,-20.2833,44.2833,26.35,72,100,3.3,MG,1701462927
148,taitung city,22.7583,121.1444,19.9,81,86,6.82,TW,1701462927
149,awjilah,29.1081,21.2869,16.68,30,0,3.02,LY,1701462927
150,vallenar,-28.5708,-70.7581,25.88,25,0,3.9,CL,1701462927
151,hermanus,-34.4187,19.2345,17.29,82,37,4.33,ZA,1701462928
152,ketchikan,55.3422,-131.6461,5.99,87,75,4.12,US,1701462928
153,lashio,22.9333,97.75,16.79,86,100,0.47,MM,1701462928
154,igarka,67.4667,86.5833,-18.03,89,100,3.53,RU,1701462929
155,ust'-kalmanka,52.1207,83.305,0.51,80,92,9.75,RU,1701462929
156,susuman,62.7833,148.1667,-23.1,100,100,1.25,RU,1701462802
157,kolwezi,-10.7148,25.4667,15.59,98,100,0.33,CD,1701462930
158,stanley,54.868,-1.6985,-1.83,100,20,2.06,GB,1701462930
159,colesberg,-30.72,25.0972,27.58,18,82,6.08,ZA,1701462930
160,margaret river,-33.95,115.0667,16.03,88,100,2.87,AU,1701462931
161,naze,28.3667,129.4833,14.51,65,97,6.16,JP,1701462931
162,nagqu,31.5,92.0,-7.73,92,59,1.51,CN,1701462931
163,bibir hat,22.6873,91.7853,18.7,86,100,1.57,BD,1701462932
164,luderitz,-26.6481,15.1594,17.92,81,79,6.99,NA,1701462932
165,waingapu,-9.6567,120.2641,26.61,84,100,1.49,ID,1701462932
166,west island,-12.1568,96.8225,24.99,78,40,3.09,CC,1701462933
167,knyaze-volkonskoye,48.4642,135.4567,-15.81,90,63,4.02,RU,1701462933
168,tshabong,-26.05,22.45,29.0,22,0,5.25,BW,1701462933
169,tongren,27.7172,109.1853,6.08,82,93,0.69,CN,1701462934
170,brookings,44.3114,-96.7984,1.21,63,0,0.0,US,1701462734
171,geraldton,-28.7667,114.6,17.23,88,0,1.54,AU,1701462934
172,iowa park,33.9515,-98.6687,11.64,57,0,3.09,US,1701462935
173,port isabel,26.0734,-97.2086,25.57,82,100,5.14,US,1701462935
174,vilyuchinsk,52.9306,158.4028,-7.26,83,11,5.36,RU,1701462936
175,samana,19.2056,-69.3369,31.12,74,40,4.12,DO,1701462936
176,takoradi,4.8845,-1.7554,26.95,85,36,3.4,GH,1701462936
177,alofi,-19.0595,-169.9187,28.94,74,20,4.12,NU,1701462937
178,togur,58.3631,82.8265,-9.36,98,98,1.79,RU,1701462937
179,arkhangel'sk,64.5401,40.5433,-8.94,92,100,4.0,RU,1701462937
180,santo antonio,-6.3106,-35.4789,25.93,73,6,6.25,BR,1701462938
181,island harbour,50.724,-1.2758,1.11,91,50,2.68,GB,1701462938
182,san antonio de pale,-1.4014,5.6325,26.65,80,100,3.37,GQ,1701462938
183,san cristobal,7.7669,-72.225,27.1,52,16,2.3,VE,1701462939
184,labuan,5.2767,115.2417,26.2,94,20,1.03,MY,1701462939
185,mora,11.0461,14.1401,25.04,23,12,2.25,CM,1701462939
186,northam,51.0333,-4.2167,0.77,78,96,2.12,GB,1701462940
187,enshi,30.3,109.4833,7.55,94,100,0.47,CN,1701462940
188,kokpekty,48.75,82.4,-5.15,94,100,0.62,KZ,1701462940
189,macomer,40.262,8.7699,11.31,74,7,4.22,IT,1701462941
190,ataq,14.5377,46.8319,18.31,35,14,1.47,YE,1701462941
191,callao,-12.0667,-77.15,22.16,68,40,5.66,PE,1701462738
192,kaihua,23.3687,104.28,14.48,96,100,2.48,CN,1701462941
193,keflavik,64.0049,-22.5624,0.24,69,20,4.63,IS,1701462942
194,kenora,49.8167,-94.4337,-3.46,74,75,3.09,CA,1701462679
195,labasa,-16.4167,179.3833,30.26,61,91,2.82,FJ,1701462943
196,laojunmiao,39.8333,97.7333,-4.14,21,97,1.18,CN,1701462943
197,hammerfest,70.6634,23.6821,-5.75,73,40,4.63,NO,1701462943
198,shingu,33.7333,135.9833,5.28,74,4,3.66,JP,1701462943
199,bowling green,36.9903,-86.4436,14.32,90,100,5.14,US,1701462691
200,khilok,51.3674,110.4676,-15.19,94,47,1.65,RU,1701462944
201,quellon,-43.1167,-73.6167,9.67,68,100,5.13,CL,1701462944
202,onega,63.9061,38.1404,-10.56,96,100,2.12,RU,1701462945
203,muravlenko,63.7898,74.523,-19.12,100,95,3.85,RU,1701462945
204,port moresby,-9.4431,147.1797,25.68,89,40,1.54,PG,1701462945
205,petropavlovsk-kamchatsky,53.0452,158.6483,-8.08,81,0,7.6,RU,1701462646
206,nuku'alofa,-21.1333,-175.2,28.19,83,40,4.63,TO,1701462946
207,sechura,-5.5569,-80.8222,26.75,58,84,7.61,PE,1701462946
208,dalby,-27.1833,151.2667,22.2,81,2,6.38,AU,1701462946
209,maswa,-2.6833,33.9833,19.71,85,100,1.34,TZ,1701462947
210,caleta de carquin,-11.0925,-77.6267,22.25,74,62,5.35,PE,1701462947
211,nuuk,64.1835,-51.7216,1.34,86,75,3.6,GL,1701462922
212,rongelap,11.1635,166.8941,27.91,71,100,8.53,MH,1701462948
213,bel ombre,-4.6167,55.4167,26.91,83,20,0.0,SC,1701462948
214,floro,61.5996,5.0328,-1.02,93,75,2.06,NO,1701462948
215,mandalgovi,45.7625,106.2708,-7.65,48,0,3.04,MN,1701462949
216,rizhao,35.4275,119.4553,-0.42,40,0,3.04,CN,1701462949
217,villa gesell,-37.2639,-56.973,18.92,93,97,1.38,AR,1701462949
218,north haven,41.3909,-72.8595,9.4,81,100,2.57,US,1701462849
219,laurel,39.0993,-76.8483,9.97,87,100,0.0,US,1701462950
220,mitu,1.1983,-70.1733,27.04,88,83,1.25,CO,1701462950
221,bechar,31.6167,-2.2167,16.18,17,53,2.06,DZ,1701462950
222,holualoa,19.6228,-155.9522,26.59,75,40,2.57,US,1701462951
223,kelso,46.1468,-122.9084,9.43,93,100,4.12,US,1701462951
224,general villegas,-35.0328,-63.0125,29.81,40,10,4.03,AR,1701462951
225,ardakan,32.31,54.0175,12.63,38,16,3.07,IR,1701462952
226,suances,43.4334,-4.0434,12.77,89,75,4.12,ES,1701462952
227,upington,-28.4478,21.2561,22.21,73,78,6.17,ZA,1701462864
228,morant bay,17.8815,-76.4093,32.79,73,34,5.76,JM,1701462953
229,urangan,-25.3,152.9,24.95,88,62,5.77,AU,1701462953
230,pauini,-7.7136,-66.9764,26.39,80,89,1.49,BR,1701462953
231,mount gambier,-37.8333,140.7667,14.04,78,100,4.39,AU,1701462655
232,torghay,49.6339,63.4981,0.6,71,97,4.21,KZ,1701462954
233,gizo,-8.103,156.8419,27.92,80,100,3.34,SB,1701462954
234,hami,42.8,93.45,-0.42,30,81,0.3,CN,1701462954
235,karratha,-20.7377,116.8463,23.41,71,0,5.44,AU,1701462955
236,utrik,11.2278,169.8474,27.12,79,75,8.99,MH,1701462955
237,el carmen,8.5106,-73.4478,26.62,61,4,1.59,CO,1701462955
238,kargasok,59.0556,80.8572,-10.58,97,68,2.24,RU,1701462955
239,flying fish cove,-10.4217,105.6791,24.82,83,75,2.57,CX,1701462956
240,chibougamau,49.9168,-74.3659,-10.21,79,0,3.6,CA,1701462956
241,broome,42.2506,-75.833,5.71,94,100,1.54,US,1701462956
242,coquimbo,-29.9533,-71.3436,19.85,59,20,5.66,CL,1701462726
243,korla,41.7597,86.1469,0.44,42,100,1.42,CN,1701462957
244,shuangjiang,26.1547,109.7138,4.96,90,100,1.84,CN,1701462957
245,machachi,-0.5,-78.5667,19.72,91,99,1.75,EC,1701462957
246,lo prado,-33.4443,-70.7255,27.14,38,0,6.17,CL,1701462958
247,birzebbuga,35.8258,14.5269,20.64,73,0,5.14,MT,1701462958
248,tsiombe,-25.3,45.4833,19.89,80,22,5.19,MG,1701462958
249,tuburan,6.6439,122.2736,27.35,77,96,1.24,PH,1701462959
250,nakuru,-0.2833,36.0667,15.01,76,63,0.27,KE,1701462959
251,hithadhoo,-0.6,73.0833,27.21,77,98,4.21,MV,1701462959
252,la sarre,48.8002,-79.1996,-9.66,90,24,0.86,CA,1701462692
253,sao vicente,-23.9631,-46.3919,30.1,54,75,2.57,BR,1701462960
254,kirakira,-10.4544,161.9205,27.88,83,100,4.12,SB,1701462960
255,whitehorse,60.7161,-135.0538,-11.06,84,75,3.09,CA,1701462960
256,kruisfontein,-34.0033,24.7314,19.38,79,100,3.29,ZA,1701462961
257,uturoa,-16.7333,-151.4333,27.18,81,19,8.31,PF,1701462961
258,barano d'ischia,40.718,13.9309,18.91,81,50,1.79,IT,1701462961
259,dolores,-36.3132,-57.6792,21.5,90,99,4.74,AR,1701462962
260,dondo,-19.6094,34.7431,25.73,76,0,1.8,MZ,1701462962
261,youkounkoun,12.5333,-13.1333,29.09,22,80,0.96,GN,1701462962
262,bathsheba,13.2167,-59.5167,29.34,70,40,7.72,BB,1701462963
263,egilsstadir,65.2653,-14.3948,-0.05,93,100,6.17,IS,1701462963
264,mbandaka,0.0487,18.2603,23.09,93,100,1.75,CD,1701462963
265,prainha,-1.8,-53.48,31.41,50,83,2.07,BR,1701462964
266,corinto,37.9407,22.9573,17.16,79,91,2.16,GR,1701462964
267,sirte,31.2089,16.5887,20.6,32,52,6.14,LY,1701462964
268,murray bridge,-35.1167,139.2667,15.07,82,76,5.14,AU,1701462965
269,kimbe,-5.5502,150.1429,25.43,86,84,1.53,PG,1701462965
270,praia da vitoria,38.7333,-27.0667,16.53,82,20,6.26,PT,1701462966
271,campbell river,50.0163,-125.2446,5.74,93,75,2.06,CA,1701462966
272,cabo san lucas,22.8909,-109.9124,27.56,41,0,3.09,MX,1701462966
273,selkirk,50.1436,-96.8845,1.72,69,7,2.68,CA,1701462817
274,tamiahua,21.2667,-97.45,27.95,73,94,3.28,MX,1701462967
275,chengde,40.9725,117.9361,-6.71,43,6,1.98,CN,1701462967
276,iskateley,67.6803,53.1512,-6.66,96,100,2.24,RU,1701462968
277,klaksvik,62.2266,-6.589,2.51,68,100,9.56,FO,1701462968
278,coracora,-15.0333,-73.7833,15.52,36,100,4.82,PE,1701462969
279,nieuw amsterdam,5.8833,-55.0833,31.09,69,20,5.14,SR,1701462969
280,hofors,60.5457,16.2867,-7.9,95,100,2.01,SE,1701462970
281,sola,-13.8833,167.55,26.69,85,100,10.55,VU,1701462970
282,vernon,50.2581,-119.2691,1.45,72,95,1.34,CA,1701462971
283,kapuskasing,49.4169,-82.4331,-6.95,68,20,5.14,CA,1701462972
284,cestos city,5.46,-9.5828,27.09,85,98,4.89,LR,1701462972
285,fuding,27.3273,120.214,8.02,68,97,0.56,CN,1701462830
286,tura,25.5198,90.2201,17.76,73,65,1.51,IN,1701462973
287,mount isa,-20.7333,139.5,25.87,73,40,2.57,AU,1701462974
288,fale old settlement,-9.3852,-171.2468,29.22,74,100,5.56,TK,1701462974
289,fisterra,42.9049,-9.2629,9.86,62,80,6.12,ES,1701462975
290,oyem,1.5995,11.5793,20.91,97,100,0.47,GA,1701462975
291,mabamba,-3.5983,30.5019,16.93,95,47,0.51,TZ,1701462975
292,pirapora,-17.345,-44.9419,30.77,43,31,1.91,BR,1701462975
293,shahrak,34.1074,64.3052,0.88,59,33,0.58,AF,1701462976
294,bikenibeu village,1.3673,173.1241,27.98,83,75,5.66,KI,1701462976
295,pakxan,18.3778,103.6601,20.39,87,34,2.15,LA,1701462976
296,minas de marcona,-15.2119,-75.1103,18.88,59,62,7.86,PE,1701462977
297,juan de ayolas,-27.4,-56.9,32.27,70,0,3.85,PY,1701462978
298,highland city,27.9653,-81.8779,29.05,64,0,4.63,US,1701462978
299,navoiy,40.0844,65.3792,4.71,93,100,2.06,UZ,1701462978
300,phanom sarakham,13.7479,101.3553,26.63,98,97,3.2,TH,1701462978
301,ust-nera,64.5667,143.2,-27.96,99,100,1.08,RU,1701462979
302,gadzhiyevo,69.2551,33.3362,-14.4,99,94,1.8,RU,1701462979
303,puerto baquerizo moreno,-0.9,-89.6,27.55,78,75,6.69,EC,1701462744
304,bubaque,11.2833,-15.8333,28.1,68,71,5.97,GW,1701462980
305,inhambane,-23.865,35.3833,21.29,66,0,3.98,MZ,1701462980
306,dobryanka,58.4619,56.4165,-7.13,97,99,1.68,RU,1701462981
307,orhangazi,40.4892,29.3089,16.84,72,63,1.88,TR,1701462981
308,kourou,5.1552,-52.6478,30.03,77,100,3.05,GF,1701462982
309,taroudant,30.4703,-8.877,18.03,48,91,1.89,MA,1701462982
310,mariental,-24.6333,17.9667,29.3,28,99,6.32,NA,1701462982
311,preobrazheniye,42.9019,133.9064,-8.49,73,3,3.04,RU,1701462983
312,eagle point,42.4726,-122.8028,8.63,86,75,0.89,US,1701462983
313,prieska,-29.6641,22.7474,28.42,16,91,5.15,ZA,1701462983
314,kolonia town,6.964,158.206,27.06,83,100,3.09,FM,1701462984
315,prince rupert,54.3161,-130.3201,6.83,81,40,13.38,CA,1701462984
316,jalqani,12.4486,34.2186,29.07,22,0,3.59,SD,1701462984
317,zyrya,40.3661,50.2917,14.05,83,22,6.92,AZ,1701462985
318,los andes,-32.8337,-70.5983,25.01,29,1,4.36,CL,1701462985
319,vincent,34.5005,-118.1165,15.27,47,0,6.69,US,1701462985
320,melekeok village,7.4957,134.6367,27.31,89,75,2.06,PW,1701462986
321,sisimiut,66.9395,-53.6735,-2.27,79,100,2.66,GL,1701462986
322,puerto colombia,10.9878,-74.9547,30.05,70,5,7.47,CO,1701462986
323,nova borova,50.693,28.6345,-2.74,97,100,1.69,UA,1701462987
324,palu,-0.8917,119.8707,23.85,95,73,1.57,ID,1701462987
325,kailua-kona,19.6406,-155.9956,28.66,75,40,2.57,US,1701462987
326,winkler,49.1817,-97.941,2.12,41,8,4.63,CA,1701462988
327,sao gabriel da cachoeira,-0.1303,-67.0892,28.32,71,86,0.45,BR,1701462988
328,barreirinhas,-2.7469,-42.8264,27.3,72,83,4.39,BR,1701462988
329,tazovsky,67.4667,78.7,-20.14,96,95,2.5,RU,1701462750
330,zeya,53.75,127.2667,-13.62,80,0,2.4,RU,1701462989
331,klyuchi,52.2667,79.1667,-2.14,81,97,6.55,RU,1701462990
332,kabansk,52.0486,106.6528,-9.9,91,93,2.2,RU,1701462990
333,queenstown,-31.8976,26.8753,14.81,58,6,2.09,ZA,1701462990
334,port shepstone,-30.7414,30.455,20.42,85,0,9.48,ZA,1701462991
335,saguenay,48.4168,-71.0657,-0.54,80,75,4.63,CA,1701462871
336,itoman,26.1247,127.6694,19.43,65,100,8.75,JP,1701462991
337,las heras,-46.5419,-68.9359,13.99,13,86,11.44,AR,1701462991
338,al bawiti,28.3492,28.8659,16.11,69,0,4.87,EG,1701462992
339,lazaro cardenas,17.9583,-102.2,28.84,64,99,3.75,MX,1701462992
340,fortaleza,-3.7227,-38.5247,29.48,73,0,6.17,BR,1701462884
341,lycksele,64.5954,18.6735,-16.07,92,100,1.03,SE,1701462993
342,katsuura,35.1333,140.3,8.55,61,0,3.02,JP,1701462993
343,fort bragg,35.139,-79.006,18.84,75,40,2.57,US,1701462993
344,yarkovo,57.4028,67.0786,-12.08,94,41,1.11,RU,1701462994
345,bima,-8.4667,118.7167,25.34,95,100,1.69,ID,1701462994
346,dakhla,23.6848,-15.958,21.01,94,6,5.14,EH,1701462994
347,singaraja,-8.112,115.0882,26.91,85,100,2.5,ID,1701462995
348,taquarituba,-23.5331,-49.2444,31.15,47,12,1.19,BR,1701462702
349,gaspe,48.8334,-64.4819,3.95,70,40,3.09,CA,1701462952
350,bardai,11.65,7.2333,23.48,21,32,3.88,NG,1701462996
351,khash,28.2211,61.2158,12.98,49,1,1.33,IR,1701462996
352,puerto el triunfo,13.2833,-88.55,29.65,62,74,2.88,SV,1701462996
353,walvis bay,-22.9575,14.5053,18.38,79,93,6.91,NA,1701462997
354,sipalay,9.75,122.5,24.38,91,82,2.85,PH,1701462997
355,mala vyska,48.6431,31.6366,1.42,95,100,2.2,UA,1701462997
356,ta`u,-14.2336,-169.5144,27.73,83,100,8.12,AS,1701462998
357,shimoda,34.6667,138.95,5.06,70,2,4.29,JP,1701462998
358,bonthe,7.5264,-12.505,27.2,83,47,3.38,SL,1701462998
359,sur,22.5667,59.5289,23.85,65,0,1.42,OM,1701462999
360,karasu,41.071,30.7854,14.86,69,69,3.09,TR,1701462999
361,nyrob,60.733,56.7202,-5.52,95,100,2.49,RU,1701462999
362,atafu village,-8.5421,-172.5159,29.23,75,100,6.03,TK,1701462999
363,al burayqah,30.4062,19.5739,19.57,38,0,5.03,LY,1701463000
364,ascension,30.2169,-90.9001,26.12,87,100,2.06,US,1701463000
365,jieshi,22.8134,115.8257,17.18,70,100,5.24,CN,1701463000
366,kapa'a,22.0752,-159.319,23.18,88,100,3.6,US,1701463001
367,bamboo flat,11.7,92.7167,26.05,89,75,3.09,IN,1701463001
368,twin falls,42.3505,-114.6445,0.52,64,0,5.66,US,1701463001
369,preston,53.7667,-2.7167,0.48,88,21,1.69,GB,1701462780
370,manistee,44.2445,-86.3242,3.01,68,75,4.63,US,1701463002
371,pacific grove,36.6177,-121.9166,17.44,63,0,4.92,US,1701463002
372,verkhnevilyuysk,63.4453,120.3167,-35.6,99,71,2.1,RU,1701463003
373,da nang,16.0678,108.2208,24.99,88,75,5.66,VN,1701463003
374,san andres,12.5847,-81.7006,30.01,70,20,4.12,CO,1701463003
375,turpan,42.9333,89.1667,1.19,44,35,0.49,CN,1701463004
376,balabac,7.9868,117.0645,27.52,82,42,6.28,PH,1701463004
377,taltal,-25.4,-70.4833,20.01,67,22,3.98,CL,1701463004
378,sol'-iletsk,51.1631,54.9918,0.95,99,100,3.08,RU,1701463005
379,hotan,37.0997,79.9269,1.61,39,99,0.98,CN,1701463005
380,chenzhou,25.8,113.0333,8.34,78,100,1.46,CN,1701463005
381,djamaa,33.5339,5.9931,19.35,17,97,5.31,DZ,1701463006
382,shanhaiguan,39.9988,119.7564,-3.64,35,76,3.1,CN,1701463006
383,lobujya,27.95,86.8167,-13.18,38,1,0.82,NP,1701463006
384,tvoroyri,61.5556,-6.8111,5.75,63,95,9.34,FO,1701463006
385,akita,39.7167,140.1167,3.37,83,100,3.47,JP,1701463007
386,las khorey,11.1595,48.1967,26.23,48,11,3.52,SO,1701463007
387,yuzhno-kurilsk,44.0306,145.8556,1.32,64,60,6.57,RU,1701463007
388,sitka,57.0531,-135.33,6.94,61,75,7.2,US,1701463008
389,el bauga,18.262,33.9081,25.53,46,0,4.14,SD,1701463008
390,meadow lakes,61.6247,-149.6011,-0.45,67,0,3.09,US,1701463008
391,dali,25.7,100.1833,8.65,88,4,1.82,CN,1701463008
392,nadi,-17.8,177.4167,30.0,62,20,2.06,FJ,1701463009
393,puerto quijarro,-17.7833,-57.7667,36.47,31,87,2.16,BO,1701463009
394,charleston,32.7766,-79.9309,24.1,88,40,5.66,US,1701463009
395,anastacio,-20.4836,-55.8069,37.17,28,89,1.84,BR,1701462858
396,hatta,24.1167,79.6,17.55,92,11,2.25,IN,1701463010
397,carutapera,-1.195,-46.02,27.16,74,43,2.98,BR,1701463010
398,haapsalu,58.9431,23.5414,-1.68,88,100,3.64,EE,1701463010
399,akureyri,65.6835,-18.0878,-3.04,93,75,2.57,IS,1701463011
400,luanda,-8.8368,13.2343,27.0,78,20,3.09,AO,1701463011
401,istgah-e rah ahan-e garmsar,35.2346,52.3094,11.79,44,1,0.67,IR,1701463011
402,miquelon,47.0975,-56.3814,6.0,83,82,11.89,PM,1701463012
403,sabang,5.8933,95.3214,26.73,82,100,7.44,ID,1701463012
404,novokhopersk,51.0969,41.6252,2.46,98,100,6.59,RU,1701463012
405,youghal,51.95,-7.8506,2.56,93,95,0.92,IE,1701462733
406,loreto,22.2667,-101.9667,20.1,25,100,8.75,MX,1701462772
407,karachev,53.1229,34.9852,-7.11,97,92,3.72,RU,1701463013
408,markovo,57.3206,107.0881,-10.73,96,100,2.25,RU,1701463013
409,harper,4.375,-7.7169,26.38,87,51,3.68,LR,1701463014
410,broken hill,-31.95,141.4333,18.14,56,71,5.66,AU,1701463014
411,vila velha,-20.3297,-40.2925,27.97,83,40,7.2,BR,1701463014
412,nampula,-15.1165,39.2666,21.35,93,97,2.68,MZ,1701463015
413,halifax,44.6453,-63.5724,9.27,87,20,5.66,CA,1701462730
414,singkil,-7.9855,111.4161,24.18,94,100,2.66,ID,1701463015
415,lagoa,39.05,-27.9833,16.4,64,100,7.94,PT,1701463016
416,upata,8.0086,-62.3989,30.66,47,52,3.47,VE,1701463016
417,la paz,-16.5,-68.15,12.54,70,75,3.6,BO,1701462872
418,malango,-2.9627,119.9001,20.13,98,98,0.41,ID,1701463016
419,lebu,-37.6167,-73.65,13.77,80,99,4.09,CL,1701463017
420,ola,59.5833,151.2833,-8.21,77,100,4.66,RU,1701463017
421,winnipeg,49.8844,-97.147,1.68,58,20,5.14,CA,1701462812
422,sliedrecht,51.8167,4.7667,-1.06,91,8,2.24,NL,1701463018
423,achacachi,-16.05,-68.6833,11.4,69,53,4.62,BO,1701463018
424,sergeyevka,53.88,67.4158,-4.53,91,84,3.42,KZ,1701463018
425,kingston,17.997,-76.7936,32.53,63,20,9.77,JM,1701463018
426,el porvenir,13.7617,-87.3458,27.63,50,74,1.82,HN,1701463019
427,cururupu,-1.8283,-44.8683,27.21,70,71,2.41,BR,1701463019
428,midvagur,62.0511,-7.1939,2.46,80,100,1.03,FO,1701463019
429,mbekenyera,-10.0,38.9833,23.06,89,92,0.79,TZ,1701463020
430,ahar,38.4774,47.0699,5.7,44,0,2.97,IR,1701463020
431,hirara,24.8,125.2833,18.92,88,75,9.77,JP,1701463020
432,hilo,19.7297,-155.09,25.34,96,100,3.6,US,1701462961
433,zhicheng,30.2956,111.5047,6.78,60,78,0.52,CN,1701463021
434,necochea,-38.5473,-58.7368,21.39,70,42,6.09,AR,1701463021
435,seosan,36.7817,126.4522,1.1,73,98,0.29,KR,1701463022
436,remire-montjoly,4.9167,-52.2667,30.02,66,0,4.12,GF,1701463022
437,khandyga,62.6667,135.6,-37.77,100,100,0.57,RU,1701463022
438,kavaratti,10.5669,72.642,28.62,71,16,4.45,IN,1701463023
439,benguela,-12.5763,13.4055,26.16,82,45,0.74,AO,1701463023
440,tagab,34.855,69.6492,8.1,57,0,1.04,AF,1701463023
441,nova sintra,14.8667,-24.7167,22.37,77,100,4.74,CV,1701463024
442,flin flon,54.7682,-101.865,-8.09,73,100,0.0,CA,1701463024
443,st. john's,47.5649,-52.7093,3.27,90,75,8.23,CA,1701462937
444,san patricio,28.017,-97.5169,20.97,87,100,5.13,US,1701463025
445,mukalla,14.5425,49.1242,24.86,56,1,1.3,YE,1701463025
446,port saint john's,-31.6229,29.5448,21.68,89,2,6.36,ZA,1701463025
447,plastun,44.7561,136.2939,-11.28,78,4,3.31,RU,1701463026
448,toliara,-23.35,43.6667,21.64,65,0,7.67,MG,1701463026
449,sesheke,-17.4759,24.2968,23.01,61,19,2.39,ZM,1701463026
450,namibe,-15.1961,12.1522,22.35,84,66,4.22,AO,1701463027
451,amga,60.8953,131.9608,-26.26,95,100,2.31,RU,1701463027
452,riachao,-7.3619,-46.6172,31.99,33,57,1.56,BR,1701463028
453,emerald,-23.5333,148.1667,23.52,93,15,5.06,AU,1701463028
454,mana,5.6592,-53.7767,26.73,80,100,3.54,GF,1701463028
455,alexandria,31.2156,29.9553,16.3,67,0,3.95,EG,1701463005
456,papao,-17.75,-149.55,30.82,82,26,8.79,PF,1701463029
457,nicholasville,37.8806,-84.573,13.08,90,100,5.14,US,1701462961
458,fort frances,48.5999,-93.4003,0.65,71,95,4.63,CA,1701463030
459,aleksandrovsk-sakhalinskiy,50.8975,142.1561,-14.13,64,100,5.28,RU,1701462801
460,kerikeri,-35.2268,173.9474,17.17,90,100,3.39,NZ,1701463030
461,martapura,-3.4167,114.85,25.05,100,100,0.51,ID,1701463031
462,castlegar,49.2998,-117.6689,2.38,73,100,1.1,CA,1701463031
463,noshiro,40.2039,140.0242,1.95,83,100,1.81,JP,1701463031
464,kholmsk,47.0511,142.0569,-3.87,74,100,5.04,RU,1701463032
465,lakatoro,-16.0999,167.4164,28.29,73,100,5.73,VU,1701463032
466,port blair,11.6667,92.75,26.02,89,75,3.09,IN,1701463032
467,gonzaga,44.9498,10.8209,10.32,97,100,4.1,IT,1701463033
468,valparaiso,-33.0393,-71.6273,21.13,60,0,6.69,CL,1701463033
469,khamis mushait,18.3064,42.7292,14.58,35,0,2.06,SA,1701463033
470,adi keyh,14.8444,39.3772,12.9,65,1,2.17,ER,1701462824
471,kamina,-8.7386,24.9906,17.29,98,100,0.74,CD,1701463034
472,excelsior springs,39.3392,-94.2261,4.16,91,100,4.12,US,1701462952
473,ninghai,29.2892,121.4247,4.1,47,96,1.39,CN,1701463035
474,kalix,65.853,23.1565,-13.2,93,76,4.49,SE,1701463035
475,sungai penuh,-2.0833,101.3833,18.07,96,100,0.47,ID,1701463035
476,san-pedro,4.7485,-6.6363,26.57,86,37,2.66,CI,1701463036
477,puerto santa,-8.9906,-78.6456,21.54,79,68,4.94,PE,1701463036
478,jaisalmer,26.9147,70.9181,19.28,46,0,3.21,IN,1701463036
479,evanston,42.0411,-87.6901,6.77,88,100,3.6,US,1701462762
480,brasileia,-11.0161,-68.7481,29.25,79,40,2.06,BR,1701463037
481,lompoc,34.6391,-120.4579,19.32,45,0,8.75,US,1701463037
482,nahiyat al fuhud,30.9697,46.7228,16.63,41,0,4.25,IQ,1701463038
483,masterton,-40.9597,175.6575,16.6,58,95,2.01,NZ,1701462990
484,galapa,10.8969,-74.886,29.59,70,0,6.69,CO,1701463038
485,guerrero negro,27.9769,-114.0611,19.71,55,21,8.27,MX,1701463039
486,muriti,-1.9833,32.9167,22.88,65,69,1.51,TZ,1701463039
487,wamba,8.9333,8.6,25.78,27,47,1.6,NG,1701463040
488,carnarvon,-24.8667,113.6333,22.13,83,9,6.53,AU,1701463040
489,chilecito,-29.1619,-67.4974,34.08,24,0,8.64,AR,1701463040
490,saint-francois,46.4154,3.9054,3.69,100,100,4.63,FR,1701463041
491,san juan de la maguana,18.8059,-71.2299,26.64,71,27,1.84,DO,1701463041
492,happy valley-goose bay,53.3168,-60.3315,-1.83,86,75,1.03,CA,1701463041
493,surskoye,54.4821,46.7214,-4.73,88,100,5.21,RU,1701463042
494,acapulco de juarez,16.8634,-99.8901,28.9,74,75,2.06,MX,1701462987
495,ugoofaaru,5.6667,73.0,28.11,74,92,1.69,MV,1701463043
496,jabor,5.921,169.6434,28.12,79,97,8.59,MH,1701463043
497,adiyaman,37.75,38.25,9.57,70,7,0.12,TR,1701463043
498,hacienda huancane,-15.8222,-70.8856,10.94,36,96,6.61,PE,1701463044
499,mont-dore,-22.2833,166.5833,27.99,99,0,1.0,NC,1701463044
500,kalispell,48.1958,-114.3129,-0.84,86,100,0.0,US,1701462940
501,alice springs,-23.7,133.8833,17.75,88,0,2.06,AU,1701463045
502,castillos,-34.1667,-53.8333,22.02,94,100,1.5,UY,1701463046
503,syktyvkar,61.6764,50.8099,-7.15,92,40,1.0,RU,1701462952
504,tobelo,1.7284,128.0095,26.72,85,20,1.54,ID,1701463046
505,ambalangoda,6.2355,80.0538,25.21,88,100,3.69,LK,1701463047
506,vila franca do campo,37.7167,-25.4333,17.16,99,98,2.98,PT,1701463047
507,wolmaransstad,-27.1974,25.9831,23.46,22,0,4.79,ZA,1701463047
508,mont-laurier,46.5501,-75.4993,1.79,85,99,0.78,CA,1701463048
509,whangarei,-35.7317,174.3239,15.45,82,100,2.1,NZ,1701463048
510,mar del plata,-38.0023,-57.5575,20.85,78,40,4.63,AR,1701463048
511,kyzyl-suu,42.3414,78.0056,1.43,55,2,3.78,KG,1701463049
512,summerside,46.3959,-63.7876,8.04,76,100,2.57,CA,1701463049
513,argo,37.6333,22.7333,17.1,75,96,1.84,GR,1701463049
514,guingamp,48.4167,-3.3333,3.48,78,88,2.9,FR,1701463050
515,pollock pines,38.7613,-120.5866,9.57,60,0,1.54,US,1701463050
516,bethanie,-26.4833,17.15,25.09,33,55,2.58,NA,1701463051
517,al jawf,29.5,38.75,15.74,48,0,3.64,SA,1701463051
518,polyarnyy,69.1989,33.4478,-14.23,98,94,1.8,RU,1701463051
519,axim,4.8699,-2.2405,26.66,87,8,3.27,GH,1701463052
520,coahuayana de hidalgo,18.7,-103.6583,29.49,56,99,1.97,MX,1701463052
521,hailar,49.2,119.7,-24.6,100,84,2.09,CN,1701463053
522,quang ngai,15.1167,108.8,23.25,96,100,2.47,VN,1701463053
523,tongouson,5.0214,120.1328,28.11,77,38,2.06,PH,1701463053
524,plouzane,48.3833,-4.6167,4.18,81,0,2.57,FR,1701463053
525,nantucket,41.2835,-70.0995,12.08,84,0,4.63,US,1701462814
526,moose jaw,50.4001,-105.5344,-0.85,69,75,3.6,CA,1701462754
527,cabedelo,-6.9811,-34.8339,28.37,76,4,4.73,BR,1701463054
528,plymouth,41.8334,-70.8328,12.09,73,100,4.12,US,1701462852
529,launceston,-41.45,147.1667,14.08,87,40,2.06,AU,1701463055
530,waconia,44.8508,-93.7869,2.42,55,100,2.24,US,1701463055
531,newman,37.3138,-121.0208,16.13,32,21,1.34,US,1701462860
532,usogorsk,63.4106,48.6872,-11.85,98,100,1.62,RU,1701463056
533,palopo,-2.9996,120.1921,25.12,87,80,1.18,ID,1701463057
534,siwa oasis,29.2041,25.5195,16.6,41,0,1.93,EG,1701463057
535,prado,-17.3411,-39.2208,25.66,78,100,5.38,BR,1701463057
536,sinabang,2.4803,96.3801,25.49,88,100,1.72,ID,1701463057
537,berezovyy,51.6667,135.7,-16.05,86,100,0.33,RU,1701463058
538,labrador city,52.9463,-66.9114,-11.05,67,0,1.54,CA,1701463058
539,pandan,14.0453,124.1694,26.58,85,42,6.49,PH,1701463059
540,tual,-5.6667,132.75,28.6,72,5,1.56,ID,1701463059
541,portland,45.5234,-122.6762,10.87,90,75,3.58,US,1701463059
542,penzance,50.1186,-5.5371,0.38,67,72,4.47,GB,1701463059
543,sterlibashevo,53.4376,55.2578,-1.83,98,100,1.4,RU,1701463060
544,al qusiyah,27.4402,30.8184,17.15,56,0,4.43,EG,1701463060
545,punahana,27.8667,77.2,19.21,60,25,2.69,IN,1701463061
546,santa quiteria,-4.3319,-40.1567,32.4,39,95,1.47,BR,1701463061
547,isangel,-19.55,169.2667,26.43,70,12,4.3,VU,1701463062
548,erenhot,43.6475,111.9767,-10.88,84,5,3.31,CN,1701463062
549,sao felix do xingu,-6.6447,-51.995,31.99,40,65,1.3,BR,1701463062
550,santa vitoria,-18.8386,-50.1214,32.33,40,76,1.36,BR,1701463063
551,chawang,8.4261,99.5047,23.58,91,97,1.04,TH,1701463063
552,wayne,42.2506,-83.2833,6.03,95,100,2.57,US,1701462815
553,jidd hafs,26.2186,50.5478,21.99,73,0,5.14,BH,1701463063
554,bengkulu,-3.8004,102.2655,23.54,95,99,1.19,ID,1701463064
555,parscov,45.2833,26.55,12.79,75,100,6.15,RO,1701463064
556,chadron,42.8294,-102.9999,5.82,51,0,3.13,US,1701462940
557,camayenne,9.535,-13.6878,28.05,83,20,0.0,GN,1701463065
558,porto novo,6.4965,2.6036,28.9,85,94,3.57,BJ,1701463065
559,piton saint-leu,-21.2196,55.3151,23.06,65,100,2.57,RE,1701463065
560,palmer,42.1584,-72.3287,10.28,64,100,3.6,US,1701462889
561,hobyo,5.3505,48.5268,26.6,72,17,10.16,SO,1701463066
562,darab,28.7519,54.5444,14.6,51,2,0.45,IR,1701463066
563,asha,54.9973,57.2722,-2.71,98,100,1.53,RU,1701463066
564,solleftea,63.1667,17.2667,-13.08,100,65,1.86,SE,1701463067
565,al wafrah,28.6392,47.9306,16.38,35,11,4.01,KW,1701463067
566,kupang,-10.1667,123.5833,26.32,89,75,1.54,ID,1701463067
567,grand falls-windsor,48.9332,-55.6649,3.61,90,100,1.34,CA,1701463068
568,manta,-0.95,-80.7333,27.88,69,75,4.12,EC,1701463068
569,ocean shores,46.9737,-124.1563,10.53,84,75,7.2,US,1701463068
570,alappuzha,9.49,76.3264,25.91,85,97,1.57,IN,1701463069
571,leua,48.2156,18.6071,1.88,99,100,2.12,SK,1701463069
572,tevriz,57.509,72.4042,-5.91,95,100,2.28,RU,1701463070
573,nsanje,-16.92,35.262,20.37,86,1,0.83,MW,1701463070
